source,target,ligand_complex,receptor_complex,lr_means,cellphone_pvals,expr_prod,scaled_weight,lr_logfc,spec_weight,lrscore,specificity_rank,magnitude_rank
CD16+ NK cells,CD16+ NK cells,VTN,ITGAV,0.03883403,0.0,0.00039613148,0.03883442936727374,-inf,0.12365409,1.0,,
CD16+ NK cells,Classical monocytes,VTN,ITGAV,0.04308909,0.0,0.00044283597,0.04309078224196194,-inf,0.1382331,1.0,,
CD16+ NK cells,DC2,VTN,ITGAV,0.008164995,0.33,5.950143e-05,0.008165093393642275,-inf,0.01857362,1.0,,
CD16+ NK cells,Late erythroid,VTN,ITGAV,-0.062126175,1.0,-0.00071202987,-0.062126256590700216,-inf,-0.22226308,,,
CD16+ NK cells,MAIT cells,VTN,ITGAV,0.0032562932,0.39,5.622441e-06,0.003256420586185305,-inf,0.0017550684,1.0000001,,
CD16+ NK cells,Mast cells,VTN,ITGAV,0.1274483,0.01,0.0013687813,0.12744845488460416,-inf,0.42727077,1.0,,
CD16+ NK cells,Megakaryocyte precursor,VTN,ITGAV,0.025251107,0.33,0.00024704236,0.025251231520198706,-inf,0.07711529,1.0,,
CD16+ NK cells,Megakaryocytes/platelets,VTN,ITGAV,-0.05685759,1.0,-0.00065420073,-0.05685764426639375,-inf,-0.20421149,,,
CD16+ NK cells,Memory B cells,VTN,ITGAV,-0.046328638,1.0,-0.0005386327,-0.04632800966596513,-inf,-0.16813642,,,
CD16+ NK cells,NK cells,VTN,ITGAV,0.008102215,0.34,5.881234e-05,0.008102323175168687,-inf,0.018358517,1.0,,
CD16+ NK cells,Naive B cells,VTN,ITGAV,-0.05255886,1.0,-0.00060701696,-0.05256067972497932,-inf,-0.18948287,,,
CD16+ NK cells,Non-classical monocytes,VTN,ITGAV,0.037899267,0.03,0.0003858713,0.03789954110888324,-inf,0.12045133,1.0,,
CD16+ NK cells,Plasma cells,VTN,ITGAV,-0.025899757,0.78,-0.00031440076,-0.0258995998472067,-inf,-0.09814151,,,
CD16+ NK cells,Regulatory T cells,VTN,ITGAV,0.008945562,0.28,6.80691e-05,0.008945725192483172,-inf,0.021248054,1.0,,
CD16+ NK cells,Tcm/Naive cytotoxic T cells,VTN,ITGAV,-0.035400547,1.0,-0.00041868354,-0.035401436551803334,-inf,-0.13069381,,,
CD16+ NK cells,Tcm/Naive helper T cells,VTN,ITGAV,-0.021895127,1.0,-0.00027044507,-0.02189836003805116,-inf,-0.084420554,,,
CD16+ NK cells,Tem/Effector helper T cells,VTN,ITGAV,-0.007825056,0.72,-0.00011600889,-0.007824499591382462,-inf,-0.036212657,,,
CD16+ NK cells,Tem/Temra cytotoxic T cells,VTN,ITGAV,0.022951743,0.0,0.00022180402,0.022951972328299253,-inf,0.069237046,1.0,,
CD16+ NK cells,Tem/Trm cytotoxic T cells,VTN,ITGAV,0.023267295,0.04,0.00022526759,0.023267341237615535,-inf,0.070318215,1.0,,
CD16+ NK cells,pDC,VTN,ITGAV,-0.02597792,0.74,-0.00031525872,-0.025977790377502388,-inf,-0.09840931,,,
Classical monocytes,CD16+ NK cells,VTN,ITGAV,0.03246286,0.0,-0.00052360975,0.03246332899729047,-inf,-0.16344696,,,
Classical monocytes,Classical monocytes,VTN,ITGAV,0.03671792,0.0,-0.0005853441,0.03671968187197867,-inf,-0.18271759,,,
Classical monocytes,DC2,VTN,ITGAV,0.0017938269,0.51,-7.8649464e-05,0.0017939930236590055,-inf,-0.024550758,,,
Classical monocytes,Late erythroid,VTN,ITGAV,-0.068497345,1.0,0.00094116677,-0.06849735696068349,-inf,0.29378912,,,
Classical monocytes,MAIT cells,VTN,ITGAV,-0.0031148752,0.67,-7.4317877e-06,-0.003114679783797965,-inf,-0.0023198633,,,
Classical monocytes,Mast cells,VTN,ITGAV,0.12107714,0.01,-0.0018092659,0.12107735451462089,-inf,-0.5647699,,,
Classical monocytes,Megakaryocyte precursor,VTN,ITGAV,0.018879939,0.34,-0.00032654253,0.018880131150215435,-inf,-0.10193161,,,
Classical monocytes,Megakaryocytes/platelets,VTN,ITGAV,-0.063228756,1.0,0.0008647278,-0.06322874463637702,-inf,0.26992837,,,
Classical monocytes,Memory B cells,VTN,ITGAV,-0.052699808,1.0,0.0007119689,-0.0526991100359484,-inf,0.22224407,,,
Classical monocytes,NK cells,VTN,ITGAV,0.0017310465,0.43,-7.7738616e-05,0.0017312228051854163,-inf,-0.024266433,,,
Classical monocytes,Naive B cells,VTN,ITGAV,-0.058930032,1.0,0.00080235983,-0.05893178009496259,-inf,0.25045997,,,
Classical monocytes,Non-classical monocytes,VTN,ITGAV,0.031528097,0.06,-0.0005100478,0.03152844073889997,-inf,-0.15921353,,,
Classical monocytes,Plasma cells,VTN,ITGAV,-0.032270923,0.85,0.0004155774,-0.03227070021718997,-inf,0.12972422,,,
Classical monocytes,Regulatory T cells,VTN,ITGAV,0.0025743935,0.41,-8.997428e-05,0.0025746248224999013,-inf,-0.028085846,,,
Classical monocytes,Tcm/Naive cytotoxic T cells,VTN,ITGAV,-0.041771717,1.0,0.00055341923,-0.041772536921786604,-inf,0.17275211,,,
Classical monocytes,Tcm/Naive helper T cells,VTN,ITGAV,-0.028266296,1.0,0.00035747644,-0.028269460408034432,-inf,0.111587755,,,
Classical monocytes,Tem/Effector helper T cells,VTN,ITGAV,-0.0141962245,0.95,0.00015334146,-0.014195599961365732,-inf,0.047866177,,,
Classical monocytes,Tem/Temra cytotoxic T cells,VTN,ITGAV,0.016580574,0.04,-0.00029318233,0.016580871958315983,-inf,-0.09151808,,,
Classical monocytes,Tem/Trm cytotoxic T cells,VTN,ITGAV,0.016896127,0.12,-0.0002977605,0.016896240867632265,-inf,-0.09294718,,,
Classical monocytes,pDC,VTN,ITGAV,-0.032349087,0.88,0.00041671147,-0.032348890747485655,-inf,0.13007821,,,
DC2,CD16+ NK cells,VTN,ITGAV,0.032463055,0.02,-0.00052358164,0.03246332899729089,-inf,-0.16343817,,,
DC2,Classical monocytes,VTN,ITGAV,0.036718115,0.02,-0.00058531266,0.03671968187197908,-inf,-0.18270777,,,
DC2,DC2,VTN,ITGAV,0.0017940218,0.43,-7.8645244e-05,0.0017939930236594188,-inf,-0.024549438,,,
DC2,Late erythroid,VTN,ITGAV,-0.06849715,1.0,0.0009411162,-0.06849735696068307,-inf,0.29377332,,,
DC2,MAIT cells,VTN,ITGAV,-0.0031146803,0.5,-7.4313884e-06,-0.0031146797837975516,-inf,-0.0023197387,,,
DC2,Mast cells,VTN,ITGAV,0.12107734,0.01,-0.0018091687,0.1210773545146213,-inf,-0.5647396,,,
DC2,Megakaryocyte precursor,VTN,ITGAV,0.018880134,0.35,-0.000326525,0.018880131150215848,-inf,-0.101926126,,,
DC2,Megakaryocytes/platelets,VTN,ITGAV,-0.06322856,1.0,0.00086468126,-0.06322874463637661,-inf,0.26991385,,,
DC2,Memory B cells,VTN,ITGAV,-0.052699614,1.0,0.0007119307,-0.05269911003594798,-inf,0.22223212,,,
DC2,NK cells,VTN,ITGAV,0.0017312414,0.37,-7.773444e-05,0.0017312228051858296,-inf,-0.02426513,,,
DC2,Naive B cells,VTN,ITGAV,-0.05892984,1.0,0.00080231676,-0.05893178009496217,-inf,0.2504465,,,
DC2,Non-classical monocytes,VTN,ITGAV,0.03152829,0.04,-0.00051002036,0.03152844073890038,-inf,-0.15920497,,,
DC2,Plasma cells,VTN,ITGAV,-0.03227073,0.8,0.00041555509,-0.03227070021718956,-inf,0.12971725,,,
DC2,Regulatory T cells,VTN,ITGAV,0.0025745884,0.33,-8.996945e-05,0.0025746248225003146,-inf,-0.028084338,,,
DC2,Tcm/Naive cytotoxic T cells,VTN,ITGAV,-0.041771524,1.0,0.0005533895,-0.04177253692178619,-inf,0.17274283,,,
DC2,Tcm/Naive helper T cells,VTN,ITGAV,-0.0282661,1.0,0.00035745723,-0.02826946040803402,-inf,0.11158176,,,
DC2,Tem/Effector helper T cells,VTN,ITGAV,-0.01419603,0.85,0.00015333323,-0.014195599961365319,-inf,0.047863606,,,
DC2,Tem/Temra cytotoxic T cells,VTN,ITGAV,0.01658077,0.02,-0.00029316655,0.016580871958316395,-inf,-0.091513164,,,
DC2,Tem/Trm cytotoxic T cells,VTN,ITGAV,0.016896322,0.06,-0.0002977445,0.01689624086763268,-inf,-0.09294218,,,
DC2,pDC,VTN,ITGAV,-0.032348894,0.82,0.00041668906,-0.032348890747485246,-inf,0.13007122,,,
Late erythroid,CD16+ NK cells,VTN,ITGAV,0.032463036,0.03,-0.0005235844,0.03246332899729089,-inf,-0.16343904,,,
Late erythroid,Classical monocytes,VTN,ITGAV,0.036718097,0.03,-0.00058531575,0.03671968187197908,-inf,-0.18270874,,,
Late erythroid,DC2,VTN,ITGAV,0.0017940027,0.46,-7.864565e-05,0.0017939930236594201,-inf,-0.024549568,,,
Late erythroid,Late erythroid,VTN,ITGAV,-0.068497166,1.0,0.00094112114,-0.06849735696068307,-inf,0.29377487,,,
Late erythroid,MAIT cells,VTN,ITGAV,-0.0031146994,0.51,-7.4314275e-06,-0.0031146797837975503,-inf,-0.0023197508,,,
Late erythroid,Mast cells,VTN,ITGAV,0.12107732,0.03,-0.0018091783,0.1210773545146213,-inf,-0.5647425,,,
Late erythroid,Megakaryocyte precursor,VTN,ITGAV,0.018880116,0.35,-0.00032652673,0.01888013115021585,-inf,-0.10192666,,,
Late erythroid,Megakaryocytes/platelets,VTN,ITGAV,-0.063228585,1.0,0.00086468586,-0.06322874463637661,-inf,0.26991528,,,
Late erythroid,Memory B cells,VTN,ITGAV,-0.052699633,1.0,0.0007119344,-0.05269911003594798,-inf,0.22223328,,,
Late erythroid,NK cells,VTN,ITGAV,0.0017312223,0.38,-7.7734854e-05,0.001731222805185831,-inf,-0.024265258,,,
Late erythroid,Naive B cells,VTN,ITGAV,-0.058929857,1.0,0.00080232095,-0.05893178009496217,-inf,0.2504478,,,
Late erythroid,Non-classical monocytes,VTN,ITGAV,0.03152827,0.05,-0.00051002303,0.03152844073890038,-inf,-0.15920581,,,
Late erythroid,Plasma cells,VTN,ITGAV,-0.03227075,0.82,0.00041555727,-0.03227070021718956,-inf,0.12971793,,,
Late erythroid,Regulatory T cells,VTN,ITGAV,0.0025745693,0.33,-8.996992e-05,0.002574624822500316,-inf,-0.028084485,,,
Late erythroid,Tcm/Naive cytotoxic T cells,VTN,ITGAV,-0.041771542,1.0,0.0005533924,-0.04177253692178619,-inf,0.17274374,,,
Late erythroid,Tcm/Naive helper T cells,VTN,ITGAV,-0.028266119,1.0,0.00035745912,-0.028269460408034016,-inf,0.111582346,,,
Late erythroid,Tem/Effector helper T cells,VTN,ITGAV,-0.014196049,0.86,0.00015333404,-0.014195599961365317,-inf,0.047863856,,,
Late erythroid,Tem/Temra cytotoxic T cells,VTN,ITGAV,0.016580751,0.03,-0.00029316812,0.0165808719583164,-inf,-0.09151364,,,
Late erythroid,Tem/Trm cytotoxic T cells,VTN,ITGAV,0.016896304,0.07,-0.00029774607,0.01689624086763268,-inf,-0.09294267,,,
Late erythroid,pDC,VTN,ITGAV,-0.032348912,0.81,0.00041669127,-0.032348890747485246,-inf,0.13007191,,,
MAIT cells,CD16+ NK cells,VTN,ITGAV,0.032463156,0.0,-0.0005235675,0.03246332899729081,-inf,-0.16343376,,,
MAIT cells,Classical monocytes,VTN,ITGAV,0.036718216,0.01,-0.00058529683,0.03671968187197901,-inf,-0.18270284,,,
MAIT cells,DC2,VTN,ITGAV,0.0017941198,0.49,-7.864311e-05,0.0017939930236593438,-inf,-0.024548776,,,
MAIT cells,Late erythroid,VTN,ITGAV,-0.068497054,1.0,0.00094109075,-0.06849735696068315,-inf,0.2937654,,,
MAIT cells,MAIT cells,VTN,ITGAV,-0.0031145823,0.55,-7.4311874e-06,-0.0031146797837976266,-inf,-0.002319676,,,
MAIT cells,Mast cells,VTN,ITGAV,0.12107743,0.02,-0.0018091198,0.12107735451462122,-inf,-0.5647243,,,
MAIT cells,Megakaryocyte precursor,VTN,ITGAV,0.018880233,0.34,-0.00032651616,0.018880131150215775,-inf,-0.10192338,,,
MAIT cells,Megakaryocytes/platelets,VTN,ITGAV,-0.063228466,1.0,0.0008646579,-0.06322874463637669,-inf,0.26990658,,,
MAIT cells,Memory B cells,VTN,ITGAV,-0.052699514,1.0,0.0007119114,-0.05269911003594806,-inf,0.22222611,,,
MAIT cells,NK cells,VTN,ITGAV,0.0017313394,0.4,-7.7732344e-05,0.0017312228051857546,-inf,-0.024264473,,,
MAIT cells,Naive B cells,VTN,ITGAV,-0.058929738,1.0,0.00080229505,-0.05893178009496225,-inf,0.25043973,,,
MAIT cells,Non-classical monocytes,VTN,ITGAV,0.03152839,0.05,-0.00051000656,0.03152844073890031,-inf,-0.15920068,,,
MAIT cells,Plasma cells,VTN,ITGAV,-0.032270633,0.81,0.00041554385,-0.032270700217189634,-inf,0.12971374,,,
MAIT cells,Regulatory T cells,VTN,ITGAV,0.0025746864,0.37,-8.996701e-05,0.0025746248225002395,-inf,-0.02808358,,,
MAIT cells,Tcm/Naive cytotoxic T cells,VTN,ITGAV,-0.041771423,1.0,0.0005533745,-0.041772536921786264,-inf,0.17273816,,,
MAIT cells,Tcm/Naive helper T cells,VTN,ITGAV,-0.028266001,1.0,0.00035744757,-0.028269460408034092,-inf,0.11157875,,,
MAIT cells,Tem/Effector helper T cells,VTN,ITGAV,-0.014195932,0.87,0.00015332909,-0.014195599961365393,-inf,0.047862314,,,
MAIT cells,Tem/Temra cytotoxic T cells,VTN,ITGAV,0.016580869,0.05,-0.00029315864,0.016580871958316323,-inf,-0.09151069,,,
MAIT cells,Tem/Trm cytotoxic T cells,VTN,ITGAV,0.01689642,0.12,-0.00029773646,0.016896240867632605,-inf,-0.092939675,,,
MAIT cells,pDC,VTN,ITGAV,-0.032348797,0.82,0.0004166778,-0.03234889074748532,-inf,0.1300677,,,
Mast cells,CD16+ NK cells,VTN,ITGAV,0.032463055,0.01,-0.000523582,0.032463328997290854,-inf,-0.16343829,,,
Mast cells,Classical monocytes,VTN,ITGAV,0.036718115,0.01,-0.0005853131,0.03671968187197905,-inf,-0.1827079,,,
Mast cells,DC2,VTN,ITGAV,0.0017940192,0.44,-7.8645295e-05,0.0017939930236593872,-inf,-0.024549456,,,
Mast cells,Late erythroid,VTN,ITGAV,-0.06849715,1.0,0.0009411169,-0.0684973569606831,-inf,0.29377353,,,
Mast cells,MAIT cells,VTN,ITGAV,-0.0031146829,0.49,-7.4313934e-06,-0.0031146797837975832,-inf,-0.0023197404,,,
Mast cells,Mast cells,VTN,ITGAV,0.12107734,0.02,-0.00180917,0.12107735451462127,-inf,-0.56473994,,,
Mast cells,Megakaryocyte precursor,VTN,ITGAV,0.018880133,0.34,-0.00032652522,0.018880131150215817,-inf,-0.1019262,,,
Mast cells,Megakaryocytes/platelets,VTN,ITGAV,-0.06322857,1.0,0.0008646819,-0.06322874463637664,-inf,0.26991406,,,
Mast cells,Memory B cells,VTN,ITGAV,-0.052699614,1.0,0.0007119312,-0.052699110035948016,-inf,0.22223227,,,
Mast cells,NK cells,VTN,ITGAV,0.0017312388,0.37,-7.77345e-05,0.001731222805185798,-inf,-0.024265146,,,
Mast cells,Naive B cells,VTN,ITGAV,-0.05892984,1.0,0.0008023173,-0.05893178009496221,-inf,0.25044668,,,
Mast cells,Non-classical monocytes,VTN,ITGAV,0.03152829,0.03,-0.0005100207,0.03152844073890035,-inf,-0.15920508,,,
Mast cells,Plasma cells,VTN,ITGAV,-0.032270733,0.8,0.00041555538,-0.032270700217189585,-inf,0.12971734,,,
Mast cells,Regulatory T cells,VTN,ITGAV,0.0025745858,0.32,-8.996951e-05,0.002574624822500283,-inf,-0.028084356,,,
Mast cells,Tcm/Naive cytotoxic T cells,VTN,ITGAV,-0.041771524,1.0,0.0005533899,-0.04177253692178622,-inf,0.17274295,,,
Mast cells,Tcm/Naive helper T cells,VTN,ITGAV,-0.028266102,1.0,0.0003574575,-0.02826946040803405,-inf,0.11158184,,,
Mast cells,Tem/Effector helper T cells,VTN,ITGAV,-0.014196033,0.85,0.00015333334,-0.01419559996136535,-inf,0.047863636,,,
Mast cells,Tem/Temra cytotoxic T cells,VTN,ITGAV,0.016580768,0.01,-0.00029316678,0.016580871958316364,-inf,-0.091513224,,,
Mast cells,Tem/Trm cytotoxic T cells,VTN,ITGAV,0.016896319,0.05,-0.0002977447,0.016896240867632646,-inf,-0.092942245,,,
Mast cells,pDC,VTN,ITGAV,-0.032348897,0.81,0.00041668938,-0.03234889074748527,-inf,0.13007131,,,
Megakaryocyte precursor,CD16+ NK cells,VTN,ITGAV,0.032463055,0.01,-0.000523582,0.032463328997290854,-inf,-0.16343829,,,
Megakaryocyte precursor,Classical monocytes,VTN,ITGAV,0.036718115,0.01,-0.0005853131,0.03671968187197905,-inf,-0.1827079,,,
Megakaryocyte precursor,DC2,VTN,ITGAV,0.0017940192,0.44,-7.8645295e-05,0.001793993023659385,-inf,-0.024549456,,,
Megakaryocyte precursor,Late erythroid,VTN,ITGAV,-0.06849715,1.0,0.0009411169,-0.06849735696068311,-inf,0.29377353,,,
Megakaryocyte precursor,MAIT cells,VTN,ITGAV,-0.0031146829,0.49,-7.4313934e-06,-0.0031146797837975854,-inf,-0.0023197404,,,
Megakaryocyte precursor,Mast cells,VTN,ITGAV,0.12107734,0.02,-0.00180917,0.12107735451462126,-inf,-0.56473994,,,
Megakaryocyte precursor,Megakaryocyte precursor,VTN,ITGAV,0.018880133,0.34,-0.00032652522,0.018880131150215817,-inf,-0.1019262,,,
Megakaryocyte precursor,Megakaryocytes/platelets,VTN,ITGAV,-0.06322857,1.0,0.0008646819,-0.06322874463637665,-inf,0.26991406,,,
Megakaryocyte precursor,Memory B cells,VTN,ITGAV,-0.052699614,1.0,0.0007119312,-0.052699110035948016,-inf,0.22223227,,,
Megakaryocyte precursor,NK cells,VTN,ITGAV,0.0017312388,0.37,-7.77345e-05,0.0017312228051857958,-inf,-0.024265146,,,
Megakaryocyte precursor,Naive B cells,VTN,ITGAV,-0.05892984,1.0,0.0008023173,-0.05893178009496221,-inf,0.25044668,,,
Megakaryocyte precursor,Non-classical monocytes,VTN,ITGAV,0.03152829,0.03,-0.0005100207,0.03152844073890035,-inf,-0.15920508,,,
Megakaryocyte precursor,Plasma cells,VTN,ITGAV,-0.032270733,0.8,0.00041555538,-0.03227070021718959,-inf,0.12971734,,,
Megakaryocyte precursor,Regulatory T cells,VTN,ITGAV,0.0025745858,0.32,-8.996951e-05,0.0025746248225002807,-inf,-0.028084356,,,
Megakaryocyte precursor,Tcm/Naive cytotoxic T cells,VTN,ITGAV,-0.041771524,1.0,0.0005533899,-0.04177253692178622,-inf,0.17274295,,,
Megakaryocyte precursor,Tcm/Naive helper T cells,VTN,ITGAV,-0.028266102,1.0,0.0003574575,-0.02826946040803405,-inf,0.11158184,,,
Megakaryocyte precursor,Tem/Effector helper T cells,VTN,ITGAV,-0.014196033,0.85,0.00015333334,-0.014195599961365352,-inf,0.047863636,,,
Megakaryocyte precursor,Tem/Temra cytotoxic T cells,VTN,ITGAV,0.016580768,0.01,-0.00029316678,0.016580871958316364,-inf,-0.091513224,,,
Megakaryocyte precursor,Tem/Trm cytotoxic T cells,VTN,ITGAV,0.016896319,0.05,-0.0002977447,0.016896240867632646,-inf,-0.092942245,,,
Megakaryocyte precursor,pDC,VTN,ITGAV,-0.032348897,0.81,0.00041668938,-0.03234889074748528,-inf,0.13007131,,,
Megakaryocytes/platelets,CD16+ NK cells,VTN,ITGAV,0.032463025,0.04,-0.00052358623,0.0324633289972908,-inf,-0.16343963,,,
Megakaryocytes/platelets,Classical monocytes,VTN,ITGAV,0.036718085,0.04,-0.00058531784,0.03671968187197899,-inf,-0.1827094,,,
Megakaryocytes/platelets,DC2,VTN,ITGAV,0.0017939897,0.48,-7.8645935e-05,0.0017939930236593304,-inf,-0.024549657,,,
Megakaryocytes/platelets,Late erythroid,VTN,ITGAV,-0.06849718,1.0,0.0009411245,-0.06849735696068315,-inf,0.29377595,,,
Megakaryocytes/platelets,MAIT cells,VTN,ITGAV,-0.0031147124,0.52,-7.431454e-06,-0.00311467978379764,-inf,-0.0023197592,,,
Megakaryocytes/platelets,Mast cells,VTN,ITGAV,0.12107731,0.03,-0.0018091848,0.1210773545146212,-inf,-0.5647446,,,
Megakaryocytes/platelets,Megakaryocyte precursor,VTN,ITGAV,0.018880103,0.36,-0.0003265279,0.01888013115021576,-inf,-0.101927035,,,
Megakaryocytes/platelets,Megakaryocytes/platelets,VTN,ITGAV,-0.0632286,1.0,0.00086468895,-0.0632287446363767,-inf,0.26991627,,,
Megakaryocytes/platelets,Memory B cells,VTN,ITGAV,-0.052699644,1.0,0.00071193697,-0.05269911003594807,-inf,0.22223409,,,
Megakaryocytes/platelets,NK cells,VTN,ITGAV,0.0017312092,0.39,-7.773513e-05,0.0017312228051857411,-inf,-0.024265345,,,
Megakaryocytes/platelets,Naive B cells,VTN,ITGAV,-0.058929868,1.0,0.00080232386,-0.05893178009496226,-inf,0.25044873,,,
Megakaryocytes/platelets,Non-classical monocytes,VTN,ITGAV,0.03152826,0.06,-0.0005100249,0.03152844073890029,-inf,-0.15920639,,,
Megakaryocytes/platelets,Plasma cells,VTN,ITGAV,-0.032270763,0.82,0.00041555878,-0.03227070021718964,-inf,0.12971841,,,
Megakaryocytes/platelets,Regulatory T cells,VTN,ITGAV,0.0025745563,0.36,-8.997024e-05,0.002574624822500226,-inf,-0.028084587,,,
Megakaryocytes/platelets,Tcm/Naive cytotoxic T cells,VTN,ITGAV,-0.041771553,1.0,0.0005533944,-0.04177253692178628,-inf,0.17274436,,,
Megakaryocytes/platelets,Tcm/Naive helper T cells,VTN,ITGAV,-0.028266132,1.0,0.0003574604,-0.028269460408034106,-inf,0.111582756,,,
Megakaryocytes/platelets,Tem/Effector helper T cells,VTN,ITGAV,-0.014196062,0.86,0.0001533346,-0.014195599961365407,-inf,0.04786403,,,
Megakaryocytes/platelets,Tem/Temra cytotoxic T cells,VTN,ITGAV,0.016580738,0.06,-0.00029316917,0.01658087195831631,-inf,-0.09151398,,,
Megakaryocytes/platelets,Tem/Trm cytotoxic T cells,VTN,ITGAV,0.01689629,0.1,-0.00029774714,0.01689624086763259,-inf,-0.092943005,,,
Megakaryocytes/platelets,pDC,VTN,ITGAV,-0.032348927,0.85,0.00041669275,-0.03234889074748533,-inf,0.13007239,,,
Memory B cells,CD16+ NK cells,VTN,ITGAV,0.03246308,0.03,-0.0005235783,0.03246332899729081,-inf,-0.16343714,,,
Memory B cells,Classical monocytes,VTN,ITGAV,0.03671814,0.03,-0.00058530894,0.03671968187197901,-inf,-0.18270662,,,
Memory B cells,DC2,VTN,ITGAV,0.0017940449,0.45,-7.864474e-05,0.0017939930236593451,-inf,-0.024549283,,,
Memory B cells,Late erythroid,VTN,ITGAV,-0.06849713,1.0,0.0009411102,-0.06849735696068314,-inf,0.29377148,,,
Memory B cells,MAIT cells,VTN,ITGAV,-0.0031146572,0.52,-7.431341e-06,-0.0031146797837976253,-inf,-0.002319724,,,
Memory B cells,Mast cells,VTN,ITGAV,0.12107736,0.02,-0.0018091573,0.12107735451462123,-inf,-0.56473595,,,
Memory B cells,Megakaryocyte precursor,VTN,ITGAV,0.018880157,0.34,-0.00032652292,0.018880131150215775,-inf,-0.101925485,,,
Memory B cells,Megakaryocytes/platelets,VTN,ITGAV,-0.06322854,1.0,0.0008646758,-0.06322874463637668,-inf,0.26991215,,,
Memory B cells,Memory B cells,VTN,ITGAV,-0.05269959,1.0,0.00071192614,-0.05269911003594806,-inf,0.2222307,,,
Memory B cells,NK cells,VTN,ITGAV,0.0017312644,0.38,-7.7733945e-05,0.0017312228051857559,-inf,-0.024264975,,,
Memory B cells,Naive B cells,VTN,ITGAV,-0.058929812,1.0,0.00080231164,-0.05893178009496225,-inf,0.25044492,,,
Memory B cells,Non-classical monocytes,VTN,ITGAV,0.031528316,0.05,-0.0005100171,0.03152844073890031,-inf,-0.15920396,,,
Memory B cells,Plasma cells,VTN,ITGAV,-0.032270707,0.8,0.00041555244,-0.03227070021718963,-inf,0.12971643,,,
Memory B cells,Regulatory T cells,VTN,ITGAV,0.0025746115,0.32,-8.9968875e-05,0.002574624822500241,-inf,-0.028084159,,,
Memory B cells,Tcm/Naive cytotoxic T cells,VTN,ITGAV,-0.041771498,1.0,0.000553386,-0.041772536921786264,-inf,0.17274174,,,
Memory B cells,Tcm/Naive helper T cells,VTN,ITGAV,-0.028266078,1.0,0.00035745496,-0.028269460408034092,-inf,0.11158105,,,
Memory B cells,Tem/Effector helper T cells,VTN,ITGAV,-0.014196007,0.85,0.00015333225,-0.014195599961365393,-inf,0.0478633,,,
Memory B cells,Tem/Temra cytotoxic T cells,VTN,ITGAV,0.016580792,0.03,-0.0002931647,0.016580871958316323,-inf,-0.09151258,,,
Memory B cells,Tem/Trm cytotoxic T cells,VTN,ITGAV,0.016896345,0.07,-0.0002977426,0.016896240867632605,-inf,-0.09294159,,,
Memory B cells,pDC,VTN,ITGAV,-0.03234887,0.81,0.0004166864,-0.032348890747485315,-inf,0.1300704,,,
NK cells,CD16+ NK cells,VTN,ITGAV,0.032463048,0.01,-0.0005235829,0.03246332899729087,-inf,-0.16343859,,,
NK cells,Classical monocytes,VTN,ITGAV,0.036718108,0.01,-0.0005853141,0.03671968187197906,-inf,-0.18270825,,,
NK cells,DC2,VTN,ITGAV,0.0017940127,0.44,-7.864544e-05,0.0017939930236594006,-inf,-0.024549501,,,
NK cells,Late erythroid,VTN,ITGAV,-0.06849716,1.0,0.0009411186,-0.06849735696068308,-inf,0.29377407,,,
NK cells,MAIT cells,VTN,ITGAV,-0.0031146894,0.5,-7.431407e-06,-0.00311467978379757,-inf,-0.0023197446,,,
NK cells,Mast cells,VTN,ITGAV,0.12107733,0.02,-0.0018091733,0.12107735451462129,-inf,-0.564741,,,
NK cells,Megakaryocyte precursor,VTN,ITGAV,0.018880125,0.34,-0.00032652583,0.01888013115021583,-inf,-0.10192639,,,
NK cells,Megakaryocytes/platelets,VTN,ITGAV,-0.06322858,1.0,0.0008646835,-0.06322874463637662,-inf,0.26991454,,,
NK cells,Memory B cells,VTN,ITGAV,-0.05269962,1.0,0.0007119325,-0.052699110035948,-inf,0.22223268,,,
NK cells,NK cells,VTN,ITGAV,0.0017312323,0.36,-7.7734636e-05,0.0017312228051858114,-inf,-0.02426519,,,
NK cells,Naive B cells,VTN,ITGAV,-0.058929846,1.0,0.00080231874,-0.058931780094962194,-inf,0.25044712,,,
NK cells,Non-classical monocytes,VTN,ITGAV,0.031528283,0.03,-0.00051002164,0.03152844073890036,-inf,-0.15920538,,,
NK cells,Plasma cells,VTN,ITGAV,-0.032270737,0.81,0.00041555613,-0.03227070021718957,-inf,0.12971757,,,
NK cells,Regulatory T cells,VTN,ITGAV,0.0025745793,0.32,-8.9969675e-05,0.0025746248225002964,-inf,-0.028084408,,,
NK cells,Tcm/Naive cytotoxic T cells,VTN,ITGAV,-0.04177153,1.0,0.0005533909,-0.04177253692178621,-inf,0.17274328,,,
NK cells,Tcm/Naive helper T cells,VTN,ITGAV,-0.02826611,1.0,0.00035745814,-0.028269460408034037,-inf,0.11158205,,,
NK cells,Tem/Effector helper T cells,VTN,ITGAV,-0.014196039,0.85,0.00015333362,-0.014195599961365338,-inf,0.047863726,,,
NK cells,Tem/Temra cytotoxic T cells,VTN,ITGAV,0.01658076,0.01,-0.0002931673,0.016580871958316378,-inf,-0.091513395,,,
NK cells,Tem/Trm cytotoxic T cells,VTN,ITGAV,0.016896313,0.05,-0.00029774525,0.01689624086763266,-inf,-0.09294242,,,
NK cells,pDC,VTN,ITGAV,-0.0323489,0.81,0.0004166901,-0.03234889074748526,-inf,0.13007155,,,
Naive B cells,CD16+ NK cells,VTN,ITGAV,0.03246317,0.03,-0.0005235654,0.0324633289972908,-inf,-0.1634331,,,
Naive B cells,Classical monocytes,VTN,ITGAV,0.03671823,0.01,-0.0005852945,0.03671968187197899,-inf,-0.18270211,,,
Naive B cells,DC2,VTN,ITGAV,0.0017941343,0.46,-7.86428e-05,0.0017939930236593334,-inf,-0.024548678,,,
Naive B cells,Late erythroid,VTN,ITGAV,-0.06849704,1.0,0.000941087,-0.06849735696068315,-inf,0.29376423,,,
Naive B cells,MAIT cells,VTN,ITGAV,-0.0031145678,0.52,-7.431158e-06,-0.003114679783797637,-inf,-0.0023196668,,,
Naive B cells,Mast cells,VTN,ITGAV,0.12107745,0.01,-0.0018091127,0.12107735451462122,-inf,-0.56472206,,,
Naive B cells,Megakaryocyte precursor,VTN,ITGAV,0.018880246,0.33,-0.00032651488,0.018880131150215765,-inf,-0.10192297,,,
Naive B cells,Megakaryocytes/platelets,VTN,ITGAV,-0.06322845,1.0,0.0008646545,-0.06322874463637669,-inf,0.26990548,,,
Naive B cells,Memory B cells,VTN,ITGAV,-0.0526995,1.0,0.0007119086,-0.05269911003594807,-inf,0.22222522,,,
Naive B cells,NK cells,VTN,ITGAV,0.0017313538,0.4,-7.773203e-05,0.0017312228051857442,-inf,-0.024264377,,,
Naive B cells,Naive B cells,VTN,ITGAV,-0.058929723,1.0,0.00080229185,-0.05893178009496226,-inf,0.25043872,,,
Naive B cells,Non-classical monocytes,VTN,ITGAV,0.031528406,0.04,-0.0005100045,0.03152844073890029,-inf,-0.15920004,,,
Naive B cells,Plasma cells,VTN,ITGAV,-0.032270618,0.82,0.0004155422,-0.03227070021718964,-inf,0.12971322,,,
Naive B cells,Regulatory T cells,VTN,ITGAV,0.0025747009,0.37,-8.9966656e-05,0.002574624822500229,-inf,-0.028083466,,,
Naive B cells,Tcm/Naive cytotoxic T cells,VTN,ITGAV,-0.04177141,1.0,0.0005533723,-0.04177253692178628,-inf,0.17273746,,,
Naive B cells,Tcm/Naive helper T cells,VTN,ITGAV,-0.028265988,1.0,0.00035744614,-0.028269460408034103,-inf,0.1115783,,,
Naive B cells,Tem/Effector helper T cells,VTN,ITGAV,-0.014195917,0.87,0.00015332848,-0.014195599961365404,-inf,0.04786212,,,
Naive B cells,Tem/Temra cytotoxic T cells,VTN,ITGAV,0.016580882,0.08,-0.00029315747,0.016580871958316312,-inf,-0.091510326,,,
Naive B cells,Tem/Trm cytotoxic T cells,VTN,ITGAV,0.016896434,0.13,-0.00029773527,0.016896240867632594,-inf,-0.092939295,,,
Naive B cells,pDC,VTN,ITGAV,-0.03234878,0.83,0.00041667614,-0.03234889074748533,-inf,0.13006718,,,
Non-classical monocytes,CD16+ NK cells,VTN,ITGAV,0.07326258,0.0,0.0053662336,0.07326393818261692,,1.6750921,1.0,,
Non-classical monocytes,Classical monocytes,VTN,ITGAV,0.07751764,0.0,0.00599892,0.07752029105730512,,1.8725879,1.0,,
Non-classical monocytes,DC2,VTN,ITGAV,0.042593546,0.06,0.0008060419,0.04259460220898546,,0.25160933,1.0,,
Non-classical monocytes,Late erythroid,VTN,ITGAV,-0.027697627,0.92,-0.009645581,-0.02769674777535703,,-3.0109084,,,
Non-classical monocytes,MAIT cells,VTN,ITGAV,0.037684843,0.02,7.616494e-05,0.03768592940152849,,0.023775203,1.0,,
Non-classical monocytes,Mast cells,VTN,ITGAV,0.16187686,0.01,0.018542329,0.16187796369994734,,5.788065,1.0,,
Non-classical monocytes,Megakaryocyte precursor,VTN,ITGAV,0.059679657,0.16,0.003346583,0.059680740335541896,,1.0446497,1.0,,
Non-classical monocytes,Megakaryocytes/platelets,VTN,ITGAV,-0.022429042,0.95,-0.008862194,-0.022428135451050567,,-2.7663705,,,
Non-classical monocytes,Memory B cells,VTN,ITGAV,-0.01190009,0.71,-0.0072966395,-0.01189850085062194,,-2.2776763,,,
Non-classical monocytes,NK cells,VTN,ITGAV,0.042530764,0.06,0.00079670706,0.04253183199051187,,0.24869542,1.0,,
Non-classical monocytes,Naive B cells,VTN,ITGAV,-0.018130314,0.98,-0.008223014,-0.018131170909636132,,-2.566848,,,
Non-classical monocytes,Non-classical monocytes,VTN,ITGAV,0.072327815,0.0,0.005227243,0.07232904992422642,,1.6317056,1.0,,
Non-classical monocytes,Plasma cells,VTN,ITGAV,0.008528793,0.29,-0.00425906,0.008529908968136487,,-1.3294834,,,
Non-classical monocytes,Regulatory T cells,VTN,ITGAV,0.04337411,0.02,0.0009221047,0.043375234007826356,,0.28783882,1.0,,
Non-classical monocytes,Tcm/Naive cytotoxic T cells,VTN,ITGAV,-0.000971999,0.34,-0.005671737,-0.0009719277364601472,,-1.7704563,,,
Non-classical monocytes,Tcm/Naive helper T cells,VTN,ITGAV,0.012533423,0.06,-0.0036636102,0.012531148777292025,,-1.1436112,,,
Non-classical monocytes,Tem/Effector helper T cells,VTN,ITGAV,0.026603494,0.02,-0.0015715256,0.026605009223960724,,-0.49055824,,,
Non-classical monocytes,Tem/Temra cytotoxic T cells,VTN,ITGAV,0.057380293,0.0,0.0030046897,0.05738148114364244,,0.93792635,1.0,,
Non-classical monocytes,Tem/Trm cytotoxic T cells,VTN,ITGAV,0.057695843,0.0,0.0030516093,0.05769685005295872,,0.9525725,1.0,,
Non-classical monocytes,pDC,VTN,ITGAV,0.008450629,0.29,-0.0042706826,0.008451718437840799,,-1.3331113,,,
Plasma cells,CD16+ NK cells,VTN,ITGAV,0.032463044,0.01,-0.00052358344,0.032463328997290875,-inf,-0.16343874,,,
Plasma cells,Classical monocytes,VTN,ITGAV,0.036718104,0.01,-0.0005853147,0.03671968187197907,-inf,-0.18270841,,,
Plasma cells,DC2,VTN,ITGAV,0.0017940092,0.43,-7.864551e-05,0.001793993023659404,-inf,-0.024549523,,,
Plasma cells,Late erythroid,VTN,ITGAV,-0.06849716,1.0,0.00094111945,-0.06849735696068308,-inf,0.29377437,,,
Plasma cells,MAIT cells,VTN,ITGAV,-0.0031146929,0.5,-7.431414e-06,-0.0031146797837975663,-inf,-0.0023197467,,,
Plasma cells,Mast cells,VTN,ITGAV,0.12107733,0.02,-0.001809175,0.12107735451462129,-inf,-0.56474155,,,
Plasma cells,Megakaryocyte precursor,VTN,ITGAV,0.018880121,0.34,-0.00032652612,0.018880131150215834,-inf,-0.10192648,,,
Plasma cells,Megakaryocytes/platelets,VTN,ITGAV,-0.06322858,1.0,0.0008646843,-0.06322874463637662,-inf,0.2699148,,,
Plasma cells,Memory B cells,VTN,ITGAV,-0.052699625,1.0,0.0007119331,-0.052699110035947995,-inf,0.2222329,,,
Plasma cells,NK cells,VTN,ITGAV,0.0017312288,0.36,-7.773471e-05,0.0017312228051858149,-inf,-0.024265213,,,
Plasma cells,Naive B cells,VTN,ITGAV,-0.05892985,1.0,0.0008023195,-0.05893178009496219,-inf,0.25044736,,,
Plasma cells,Non-classical monocytes,VTN,ITGAV,0.03152828,0.03,-0.0005100221,0.03152844073890037,-inf,-0.15920553,,,
Plasma cells,Plasma cells,VTN,ITGAV,-0.03227074,0.8,0.00041555654,-0.03227070021718957,-inf,0.12971771,,,
Plasma cells,Regulatory T cells,VTN,ITGAV,0.0025745758,0.32,-8.9969755e-05,0.0025746248225003,-inf,-0.028084435,,,
Plasma cells,Tcm/Naive cytotoxic T cells,VTN,ITGAV,-0.041771535,1.0,0.0005533914,-0.0417725369217862,-inf,0.17274342,,,
Plasma cells,Tcm/Naive helper T cells,VTN,ITGAV,-0.028266113,1.0,0.00035745848,-0.028269460408034033,-inf,0.111582145,,,
Plasma cells,Tem/Effector helper T cells,VTN,ITGAV,-0.014196043,0.85,0.00015333376,-0.014195599961365334,-inf,0.04786377,,,
Plasma cells,Tem/Temra cytotoxic T cells,VTN,ITGAV,0.016580757,0.01,-0.00029316757,0.01658087195831638,-inf,-0.091513485,,,
Plasma cells,Tem/Trm cytotoxic T cells,VTN,ITGAV,0.01689631,0.05,-0.00029774554,0.016896240867632664,-inf,-0.092942506,,,
Plasma cells,pDC,VTN,ITGAV,-0.032348905,0.81,0.0004166905,-0.03234889074748526,-inf,0.13007167,,,
Regulatory T cells,CD16+ NK cells,VTN,ITGAV,0.032463014,0.05,-0.00052358786,0.032463328997290805,-inf,-0.16344014,,,
Regulatory T cells,Classical monocytes,VTN,ITGAV,0.036718074,0.03,-0.00058531965,0.036719681871979,-inf,-0.18270996,,,
Regulatory T cells,DC2,VTN,ITGAV,0.0017939785,0.45,-7.864618e-05,0.001793993023659336,-inf,-0.024549732,,,
Regulatory T cells,Late erythroid,VTN,ITGAV,-0.068497196,1.0,0.0009411274,-0.06849735696068315,-inf,0.29377684,,,
Regulatory T cells,MAIT cells,VTN,ITGAV,-0.0031147236,0.51,-7.431477e-06,-0.0031146797837976344,-inf,-0.0023197664,,,
Regulatory T cells,Mast cells,VTN,ITGAV,0.12107729,0.02,-0.0018091904,0.12107735451462122,-inf,-0.5647463,,,
Regulatory T cells,Megakaryocyte precursor,VTN,ITGAV,0.018880092,0.35,-0.0003265289,0.01888013115021577,-inf,-0.10192735,,,
Regulatory T cells,Megakaryocytes/platelets,VTN,ITGAV,-0.06322861,1.0,0.0008646916,-0.06322874463637669,-inf,0.2699171,,,
Regulatory T cells,Memory B cells,VTN,ITGAV,-0.052699655,1.0,0.0007119392,-0.052699110035948064,-inf,0.22223479,,,
Regulatory T cells,NK cells,VTN,ITGAV,0.001731198,0.4,-7.773537e-05,0.0017312228051857468,-inf,-0.02426542,,,
Regulatory T cells,Naive B cells,VTN,ITGAV,-0.05892988,1.0,0.0008023263,-0.058931780094962256,-inf,0.2504495,,,
Regulatory T cells,Non-classical monocytes,VTN,ITGAV,0.03152825,0.05,-0.00051002647,0.0315284407389003,-inf,-0.15920688,,,
Regulatory T cells,Plasma cells,VTN,ITGAV,-0.032270774,0.84,0.00041556006,-0.03227070021718964,-inf,0.12971881,,,
Regulatory T cells,Regulatory T cells,VTN,ITGAV,0.002574545,0.35,-8.997052e-05,0.0025746248225002317,-inf,-0.028084675,,,
Regulatory T cells,Tcm/Naive cytotoxic T cells,VTN,ITGAV,-0.041771565,1.0,0.0005533961,-0.04177253692178627,-inf,0.1727449,,,
Regulatory T cells,Tcm/Naive helper T cells,VTN,ITGAV,-0.028266143,1.0,0.0003574615,-0.0282694604080341,-inf,0.1115831,,,
Regulatory T cells,Tem/Effector helper T cells,VTN,ITGAV,-0.014196074,0.85,0.00015333506,-0.014195599961365402,-inf,0.04786418,,,
Regulatory T cells,Tem/Temra cytotoxic T cells,VTN,ITGAV,0.016580727,0.06,-0.00029317007,0.016580871958316316,-inf,-0.09151426,,,
Regulatory T cells,Tem/Trm cytotoxic T cells,VTN,ITGAV,0.01689628,0.08,-0.00029774805,0.016896240867632598,-inf,-0.092943296,,,
Regulatory T cells,pDC,VTN,ITGAV,-0.03234894,0.82,0.00041669403,-0.03234889074748533,-inf,0.13007279,,,
Tcm/Naive cytotoxic T cells,CD16+ NK cells,VTN,ITGAV,0.032463253,0.0,-0.0005235535,0.03246332899729055,-inf,-0.1634294,,,
Tcm/Naive cytotoxic T cells,Classical monocytes,VTN,ITGAV,0.036718313,0.0,-0.00058528123,0.03671968187197874,-inf,-0.18269797,,,
Tcm/Naive cytotoxic T cells,DC2,VTN,ITGAV,0.0017942165,0.46,-7.864102e-05,0.0017939930236590788,-inf,-0.02454812,,,
Tcm/Naive cytotoxic T cells,Late erythroid,VTN,ITGAV,-0.06849696,1.0,0.0009410657,-0.06849735696068342,-inf,0.29375756,,,
Tcm/Naive cytotoxic T cells,MAIT cells,VTN,ITGAV,-0.0031144856,0.63,-7.4309896e-06,-0.0031146797837978916,-inf,-0.0023196142,,,
Tcm/Naive cytotoxic T cells,Mast cells,VTN,ITGAV,0.12107753,0.01,-0.0018090716,0.12107735451462096,-inf,-0.56470925,,,
Tcm/Naive cytotoxic T cells,Megakaryocyte precursor,VTN,ITGAV,0.018880328,0.35,-0.00032650746,0.018880131150215508,-inf,-0.10192066,,,
Tcm/Naive cytotoxic T cells,Megakaryocytes/platelets,VTN,ITGAV,-0.06322837,1.0,0.0008646349,-0.06322874463637695,-inf,0.26989937,,,
Tcm/Naive cytotoxic T cells,Memory B cells,VTN,ITGAV,-0.052699417,1.0,0.0007118925,-0.05269911003594832,-inf,0.22222018,,,
Tcm/Naive cytotoxic T cells,NK cells,VTN,ITGAV,0.001731436,0.41,-7.773027e-05,0.0017312228051854896,-inf,-0.024263827,,,
Tcm/Naive cytotoxic T cells,Naive B cells,VTN,ITGAV,-0.05892964,1.0,0.0008022737,-0.05893178009496251,-inf,0.25043306,,,
Tcm/Naive cytotoxic T cells,Non-classical monocytes,VTN,ITGAV,0.031528488,0.05,-0.000509993,0.03152844073890004,-inf,-0.15919642,,,
Tcm/Naive cytotoxic T cells,Plasma cells,VTN,ITGAV,-0.032270536,0.83,0.0004155328,-0.0322707002171899,-inf,0.12971029,,,
Tcm/Naive cytotoxic T cells,Regulatory T cells,VTN,ITGAV,0.002574783,0.4,-8.996462e-05,0.0025746248224999746,-inf,-0.028082829,,,
Tcm/Naive cytotoxic T cells,Tcm/Naive cytotoxic T cells,VTN,ITGAV,-0.041771326,1.0,0.0005533598,-0.04177253692178653,-inf,0.17273356,,,
Tcm/Naive cytotoxic T cells,Tcm/Naive helper T cells,VTN,ITGAV,-0.028265906,1.0,0.00035743805,-0.02826946040803436,-inf,0.11157577,,,
Tcm/Naive cytotoxic T cells,Tem/Effector helper T cells,VTN,ITGAV,-0.014195835,0.89,0.000153325,-0.014195599961365659,-inf,0.047861036,,,
Tcm/Naive cytotoxic T cells,Tem/Temra cytotoxic T cells,VTN,ITGAV,0.016580964,0.05,-0.00029315084,0.016580871958316055,-inf,-0.09150825,,,
Tcm/Naive cytotoxic T cells,Tem/Trm cytotoxic T cells,VTN,ITGAV,0.016896516,0.11,-0.00029772852,0.01689624086763234,-inf,-0.092937194,,,
Tcm/Naive cytotoxic T cells,pDC,VTN,ITGAV,-0.0323487,0.85,0.0004166667,-0.032348890747485586,-inf,0.13006423,,,
Tcm/Naive helper T cells,CD16+ NK cells,VTN,ITGAV,0.039004833,0.0,0.0004207884,0.0390044006091293,,0.13135085,1.0,,
Tcm/Naive helper T cells,Classical monocytes,VTN,ITGAV,0.043259893,0.0,0.00047039994,0.043260753483817485,,0.14683731,1.0,,
Tcm/Naive helper T cells,DC2,VTN,ITGAV,0.008335797,0.38,6.320505e-05,0.008335064635497826,,0.01972972,1.0,,
Tcm/Naive helper T cells,Late erythroid,VTN,ITGAV,-0.061955374,1.0,-0.00075634965,-0.06195628534884466,,-0.2360977,,,
Tcm/Naive helper T cells,MAIT cells,VTN,ITGAV,0.0034270948,0.41,5.9724057e-06,0.0034263918280408555,,0.0018643113,1.0000001,,
Tcm/Naive helper T cells,Mast cells,VTN,ITGAV,0.12761912,0.01,0.00145398,0.1276184261264597,,0.45386592,1.0,,
Tcm/Naive helper T cells,Megakaryocyte precursor,VTN,ITGAV,0.02542191,0.32,0.00026241931,0.025421202762054257,,0.081915274,1.0,,
Tcm/Naive helper T cells,Megakaryocytes/platelets,VTN,ITGAV,-0.05668679,1.0,-0.00069492095,-0.0566876730245382,,-0.21692248,,,
Tcm/Naive helper T cells,Memory B cells,VTN,ITGAV,-0.046157837,1.0,-0.0005721594,-0.04615803842410958,,-0.17860195,,,
Tcm/Naive helper T cells,NK cells,VTN,ITGAV,0.008273017,0.33,6.247307e-05,0.008272294417024238,,0.01950123,1.0,,
Tcm/Naive helper T cells,Naive B cells,VTN,ITGAV,-0.05238806,1.0,-0.00064480025,-0.05239070848312377,,-0.20127709,,,
Tcm/Naive helper T cells,Non-classical monocytes,VTN,ITGAV,0.038070068,0.01,0.00040988956,0.038069512350738785,,0.12794873,1.0,,
Tcm/Naive helper T cells,Plasma cells,VTN,ITGAV,-0.025728954,0.78,-0.00033397038,-0.02572962860535115,,-0.10425025,,,
Tcm/Naive helper T cells,Regulatory T cells,VTN,ITGAV,0.009116364,0.25,7.230601e-05,0.00911569643433872,,0.022570623,1.0,,
Tcm/Naive helper T cells,Tcm/Naive cytotoxic T cells,VTN,ITGAV,-0.035229746,1.0,-0.00044474416,-0.03523146530994778,,-0.13882874,,,
Tcm/Naive helper T cells,Tcm/Naive helper T cells,VTN,ITGAV,-0.021724325,1.0,-0.0002872787,-0.02172838879619561,,-0.08967525,,,
Tcm/Naive helper T cells,Tem/Effector helper T cells,VTN,ITGAV,-0.0076542553,0.8,-0.00012322977,-0.007654528349526912,,-0.038466685,,,
Tcm/Naive helper T cells,Tem/Temra cytotoxic T cells,VTN,ITGAV,0.023122545,0.0,0.00023561004,0.023121943570154804,,0.073546655,1.0,,
Tcm/Naive helper T cells,Tem/Trm cytotoxic T cells,VTN,ITGAV,0.023438098,0.03,0.0002392892,0.023437312479471086,,0.07469512,1.0,,
Tcm/Naive helper T cells,pDC,VTN,ITGAV,-0.025807118,0.77,-0.00033488174,-0.025807819135646837,,-0.10453473,,,
Tem/Effector helper T cells,CD16+ NK cells,VTN,ITGAV,0.032463048,0.02,-0.0005235829,0.03246332899729075,-inf,-0.16343857,,,
Tem/Effector helper T cells,Classical monocytes,VTN,ITGAV,0.036718108,0.02,-0.00058531406,0.036719681871978944,-inf,-0.18270823,,,
Tem/Effector helper T cells,DC2,VTN,ITGAV,0.001794013,0.48,-7.864543e-05,0.0017939930236592827,-inf,-0.0245495,,,
Tem/Effector helper T cells,Late erythroid,VTN,ITGAV,-0.06849716,1.0,0.0009411185,-0.06849735696068321,-inf,0.29377407,,,
Tem/Effector helper T cells,MAIT cells,VTN,ITGAV,-0.0031146891,0.56,-7.4314066e-06,-0.0031146797837976877,-inf,-0.0023197443,,,
Tem/Effector helper T cells,Mast cells,VTN,ITGAV,0.12107733,0.01,-0.0018091731,0.12107735451462116,-inf,-0.56474096,,,
Tem/Effector helper T cells,Megakaryocyte precursor,VTN,ITGAV,0.018880125,0.35,-0.0003265258,0.018880131150215713,-inf,-0.10192638,,,
Tem/Effector helper T cells,Megakaryocytes/platelets,VTN,ITGAV,-0.06322857,1.0,0.0008646834,-0.06322874463637675,-inf,0.26991454,,,
Tem/Effector helper T cells,Memory B cells,VTN,ITGAV,-0.05269962,1.0,0.00071193243,-0.05269911003594812,-inf,0.22223267,,,
Tem/Effector helper T cells,NK cells,VTN,ITGAV,0.0017312325,0.37,-7.773463e-05,0.0017312228051856934,-inf,-0.024265189,,,
Tem/Effector helper T cells,Naive B cells,VTN,ITGAV,-0.058929846,1.0,0.0008023187,-0.05893178009496231,-inf,0.25044712,,,
Tem/Effector helper T cells,Non-classical monocytes,VTN,ITGAV,0.031528283,0.07,-0.0005100216,0.031528440738900244,-inf,-0.15920536,,,
Tem/Effector helper T cells,Plasma cells,VTN,ITGAV,-0.032270737,0.83,0.0004155561,-0.03227070021718969,-inf,0.12971757,,,
Tem/Effector helper T cells,Regulatory T cells,VTN,ITGAV,0.0025745796,0.39,-8.996967e-05,0.0025746248225001784,-inf,-0.028084407,,,
Tem/Effector helper T cells,Tcm/Naive cytotoxic T cells,VTN,ITGAV,-0.04177153,1.0,0.0005533908,-0.04177253692178633,-inf,0.17274326,,,
Tem/Effector helper T cells,Tcm/Naive helper T cells,VTN,ITGAV,-0.02826611,1.0,0.0003574581,-0.028269460408034155,-inf,0.11158203,,,
Tem/Effector helper T cells,Tem/Effector helper T cells,VTN,ITGAV,-0.014196039,0.86,0.0001533336,-0.014195599961365456,-inf,0.04786372,,,
Tem/Effector helper T cells,Tem/Temra cytotoxic T cells,VTN,ITGAV,0.01658076,0.06,-0.00029316728,0.01658087195831626,-inf,-0.09151339,,,
Tem/Effector helper T cells,Tem/Trm cytotoxic T cells,VTN,ITGAV,0.016896313,0.12,-0.00029774522,0.016896240867632542,-inf,-0.09294241,,,
Tem/Effector helper T cells,pDC,VTN,ITGAV,-0.0323489,0.86,0.00041669008,-0.03234889074748538,-inf,0.13007155,,,
Tem/Temra cytotoxic T cells,CD16+ NK cells,VTN,ITGAV,0.032462772,0.0,-0.0005236229,0.032463328997290465,-inf,-0.16345106,,,
Tem/Temra cytotoxic T cells,Classical monocytes,VTN,ITGAV,0.036717832,0.0,-0.00058535876,0.03671968187197866,-inf,-0.18272218,,,
Tem/Temra cytotoxic T cells,DC2,VTN,ITGAV,0.0017937359,0.49,-7.865144e-05,0.0017939930236589982,-inf,-0.024551373,,,
Tem/Temra cytotoxic T cells,Late erythroid,VTN,ITGAV,-0.068497434,1.0,0.0009411904,-0.06849735696068349,-inf,0.29379648,,,
Tem/Temra cytotoxic T cells,MAIT cells,VTN,ITGAV,-0.0031149662,0.63,-7.431974e-06,-0.0031146797837979722,-inf,-0.0023199215,,,
Tem/Temra cytotoxic T cells,Mast cells,VTN,ITGAV,0.12107705,0.01,-0.0018093114,0.12107735451462089,-inf,-0.56478405,,,
Tem/Temra cytotoxic T cells,Megakaryocyte precursor,VTN,ITGAV,0.018879848,0.34,-0.00032655074,0.01888013115021543,-inf,-0.101934165,,,
Tem/Temra cytotoxic T cells,Megakaryocytes/platelets,VTN,ITGAV,-0.06322885,1.0,0.0008647494,-0.06322874463637702,-inf,0.26993513,,,
Tem/Temra cytotoxic T cells,Memory B cells,VTN,ITGAV,-0.052699897,1.0,0.0007119868,-0.052699110035948404,-inf,0.22224963,,,
Tem/Temra cytotoxic T cells,NK cells,VTN,ITGAV,0.0017309554,0.43,-7.774057e-05,0.001731222805185409,-inf,-0.024267042,,,
Tem/Temra cytotoxic T cells,Naive B cells,VTN,ITGAV,-0.05893012,1.0,0.00080238,-0.058931780094962596,-inf,0.25046623,,,
Tem/Temra cytotoxic T cells,Non-classical monocytes,VTN,ITGAV,0.031528007,0.05,-0.0005100606,0.03152844073889996,-inf,-0.15921752,,,
Tem/Temra cytotoxic T cells,Plasma cells,VTN,ITGAV,-0.032271016,0.83,0.00041558786,-0.032270700217189974,-inf,0.12972747,,,
Tem/Temra cytotoxic T cells,Regulatory T cells,VTN,ITGAV,0.0025743025,0.39,-8.997654e-05,0.002574624822499894,-inf,-0.02808655,,,
Tem/Temra cytotoxic T cells,Tcm/Naive cytotoxic T cells,VTN,ITGAV,-0.041771807,1.0,0.00055343314,-0.04177253692178661,-inf,0.17275645,,,
Tem/Temra cytotoxic T cells,Tcm/Naive helper T cells,VTN,ITGAV,-0.028266387,1.0,0.0003574854,-0.02826946040803444,-inf,0.11159056,,,
Tem/Temra cytotoxic T cells,Tem/Effector helper T cells,VTN,ITGAV,-0.014196316,0.9,0.00015334532,-0.01419559996136574,-inf,0.047867376,,,
Tem/Temra cytotoxic T cells,Tem/Temra cytotoxic T cells,VTN,ITGAV,0.016580483,0.04,-0.0002931897,0.016580871958315976,-inf,-0.09152038,,,
Tem/Temra cytotoxic T cells,Tem/Trm cytotoxic T cells,VTN,ITGAV,0.016896036,0.13,-0.00029776798,0.016896240867632258,-inf,-0.09294951,,,
Tem/Temra cytotoxic T cells,pDC,VTN,ITGAV,-0.03234918,0.84,0.00041672192,-0.03234889074748566,-inf,0.13008147,,,
Tem/Trm cytotoxic T cells,CD16+ NK cells,VTN,ITGAV,0.032463063,0.04,-0.00052358065,0.03246332899729095,-inf,-0.16343787,,,
Tem/Trm cytotoxic T cells,Classical monocytes,VTN,ITGAV,0.036718123,0.02,-0.00058531156,0.036719681871979146,-inf,-0.18270744,,,
Tem/Trm cytotoxic T cells,DC2,VTN,ITGAV,0.0017940286,0.49,-7.864509e-05,0.0017939930236594822,-inf,-0.024549393,,,
Tem/Trm cytotoxic T cells,Late erythroid,VTN,ITGAV,-0.06849714,1.0,0.00094111444,-0.06849735696068301,-inf,0.2937728,,,
Tem/Trm cytotoxic T cells,MAIT cells,VTN,ITGAV,-0.0031146735,0.53,-7.4313743e-06,-0.0031146797837974883,-inf,-0.0023197343,,,
Tem/Trm cytotoxic T cells,Mast cells,VTN,ITGAV,0.121077344,0.02,-0.0018091655,0.12107735451462136,-inf,-0.5647385,,,
Tem/Trm cytotoxic T cells,Megakaryocyte precursor,VTN,ITGAV,0.01888014,0.34,-0.0003265244,0.018880131150215914,-inf,-0.10192594,,,
Tem/Trm cytotoxic T cells,Megakaryocytes/platelets,VTN,ITGAV,-0.063228555,1.0,0.0008646797,-0.06322874463637655,-inf,0.26991335,,,
Tem/Trm cytotoxic T cells,Memory B cells,VTN,ITGAV,-0.052699607,1.0,0.00071192934,-0.05269911003594792,-inf,0.2222317,,,
Tem/Trm cytotoxic T cells,NK cells,VTN,ITGAV,0.0017312481,0.41,-7.7734294e-05,0.001731222805185893,-inf,-0.024265084,,,
Tem/Trm cytotoxic T cells,Naive B cells,VTN,ITGAV,-0.05892983,1.0,0.00080231525,-0.05893178009496211,-inf,0.25044602,,,
Tem/Trm cytotoxic T cells,Non-classical monocytes,VTN,ITGAV,0.031528298,0.05,-0.0005100194,0.031528440738900446,-inf,-0.15920468,,,
Tem/Trm cytotoxic T cells,Plasma cells,VTN,ITGAV,-0.032270722,0.83,0.00041555433,-0.032270700217189495,-inf,0.129717,,,
Tem/Trm cytotoxic T cells,Regulatory T cells,VTN,ITGAV,0.0025745952,0.36,-8.996928e-05,0.002574624822500378,-inf,-0.028084286,,,
Tem/Trm cytotoxic T cells,Tcm/Naive cytotoxic T cells,VTN,ITGAV,-0.041771516,1.0,0.00055338844,-0.041772536921786126,-inf,0.17274252,,,
Tem/Trm cytotoxic T cells,Tcm/Naive helper T cells,VTN,ITGAV,-0.028266095,1.0,0.00035745656,-0.028269460408033954,-inf,0.11158156,,,
Tem/Trm cytotoxic T cells,Tem/Effector helper T cells,VTN,ITGAV,-0.014196023,0.87,0.00015333295,-0.014195599961365254,-inf,0.047863517,,,
Tem/Trm cytotoxic T cells,Tem/Temra cytotoxic T cells,VTN,ITGAV,0.016580775,0.09,-0.00029316603,0.01658087195831646,-inf,-0.09151299,,,
Tem/Trm cytotoxic T cells,Tem/Trm cytotoxic T cells,VTN,ITGAV,0.01689633,0.15,-0.00029774394,0.016896240867632743,-inf,-0.09294201,,,
Tem/Trm cytotoxic T cells,pDC,VTN,ITGAV,-0.032348886,0.83,0.0004166883,-0.03234889074748518,-inf,0.13007098,,,
pDC,CD16+ NK cells,VTN,ITGAV,0.03246305,0.01,-0.0005235822,0.03246332899729087,-inf,-0.16343836,,,
pDC,Classical monocytes,VTN,ITGAV,0.03671811,0.01,-0.0005853133,0.03671968187197906,-inf,-0.182708,,,
pDC,DC2,VTN,ITGAV,0.0017940176,0.43,-7.864533e-05,0.0017939930236594024,-inf,-0.024549467,,,
pDC,Late erythroid,VTN,ITGAV,-0.06849715,1.0,0.0009411173,-0.06849735696068308,-inf,0.29377368,,,
pDC,MAIT cells,VTN,ITGAV,-0.0031146845,0.49,-7.431397e-06,-0.003114679783797568,-inf,-0.0023197413,,,
pDC,Mast cells,VTN,ITGAV,0.12107734,0.02,-0.0018091708,0.12107735451462129,-inf,-0.56474024,,,
pDC,Megakaryocyte precursor,VTN,ITGAV,0.01888013,0.34,-0.0003265254,0.018880131150215834,-inf,-0.101926245,,,
pDC,Megakaryocytes/platelets,VTN,ITGAV,-0.06322857,1.0,0.0008646823,-0.06322874463637662,-inf,0.26991418,,,
pDC,Memory B cells,VTN,ITGAV,-0.052699618,1.0,0.0007119315,-0.052699110035948,-inf,0.22223237,,,
pDC,NK cells,VTN,ITGAV,0.0017312372,0.37,-7.7734534e-05,0.0017312228051858131,-inf,-0.024265157,,,
pDC,Naive B cells,VTN,ITGAV,-0.058929842,1.0,0.0008023177,-0.058931780094962194,-inf,0.2504468,,,
pDC,Non-classical monocytes,VTN,ITGAV,0.031528287,0.03,-0.00051002094,0.03152844073890036,-inf,-0.15920515,,,
pDC,Plasma cells,VTN,ITGAV,-0.032270733,0.8,0.00041555558,-0.03227070021718957,-inf,0.1297174,,,
pDC,Regulatory T cells,VTN,ITGAV,0.0025745842,0.31,-8.996955e-05,0.002574624822500298,-inf,-0.02808437,,,
pDC,Tcm/Naive cytotoxic T cells,VTN,ITGAV,-0.041771527,1.0,0.0005533901,-0.04177253692178621,-inf,0.17274304,,,
pDC,Tcm/Naive helper T cells,VTN,ITGAV,-0.028266104,1.0,0.00035745764,-0.028269460408034033,-inf,0.11158189,,,
pDC,Tem/Effector helper T cells,VTN,ITGAV,-0.0141960345,0.85,0.0001533334,-0.014195599961365334,-inf,0.04786366,,,
pDC,Tem/Temra cytotoxic T cells,VTN,ITGAV,0.016580766,0.01,-0.0002931669,0.01658087195831638,-inf,-0.09151327,,,
pDC,Tem/Trm cytotoxic T cells,VTN,ITGAV,0.016896319,0.05,-0.00029774485,0.016896240867632664,-inf,-0.09294229,,,
pDC,pDC,VTN,ITGAV,-0.032348897,0.82,0.00041668955,-0.03234889074748526,-inf,0.13007137,,,
